/*
 Navicat Premium Data Transfer

 Source Server         : MySQL404
 Source Server Type    : MySQL
 Source Server Version : 50527
 Source Host           : localhost:3306
 Source Schema         : stock-system

 Target Server Type    : MySQL
 Target Server Version : 50527
 File Encoding         : 65001

 Date: 25/06/2020 23:27:48
*/

SET NAMES utf8mb4;
SET FOREIGN_KEY_CHECKS = 0;

-- ----------------------------
-- Table structure for stocks
-- ----------------------------
DROP TABLE IF EXISTS `stocks`;
CREATE TABLE `stocks`  (
  `stockcode` varchar(255) CHARACTER SET utf8 COLLATE utf8_general_ci NOT NULL COMMENT '股票代码',
  `stockname` varchar(255) CHARACTER SET utf8 COLLATE utf8_general_ci NOT NULL COMMENT '股票名称',
  PRIMARY KEY (`stockcode`) USING BTREE
) ENGINE = InnoDB CHARACTER SET = utf8 COLLATE = utf8_general_ci ROW_FORMAT = Compact;

-- ----------------------------
-- Records of stocks
-- ----------------------------
INSERT INTO `stocks` VALUES ('0992.HK', '联想');
INSERT INTO `stocks` VALUES ('1810.HK', '小米');
INSERT INTO `stocks` VALUES ('688111.SS', '金山办公');
INSERT INTO `stocks` VALUES ('AAPL', 'Apple');
INSERT INTO `stocks` VALUES ('ADBE', 'Adobe');
INSERT INTO `stocks` VALUES ('BABA', '阿里巴巴');
INSERT INTO `stocks` VALUES ('BIDU', '百度');
INSERT INTO `stocks` VALUES ('BILI', '哔哩哔哩');
INSERT INTO `stocks` VALUES ('FB', 'Facebook');
INSERT INTO `stocks` VALUES ('GOOGL', 'Alphabet');
INSERT INTO `stocks` VALUES ('JD', '京东');
INSERT INTO `stocks` VALUES ('KO', 'Coca-Cola');
INSERT INTO `stocks` VALUES ('MSFT', 'Microsoft');
INSERT INTO `stocks` VALUES ('NSRGY', 'Nestle');
INSERT INTO `stocks` VALUES ('NTES', '网易');
INSERT INTO `stocks` VALUES ('ORCL', 'Oracle');
INSERT INTO `stocks` VALUES ('TCEHY', '腾讯');
INSERT INTO `stocks` VALUES ('TWTR', 'Twitter');
INSERT INTO `stocks` VALUES ('WMT', 'Walmart');
INSERT INTO `stocks` VALUES ('YAMCY', 'Yamaha');

-- ----------------------------
-- Table structure for stocksinfo
-- ----------------------------
DROP TABLE IF EXISTS `stocksinfo`;
CREATE TABLE `stocksinfo`  (
  `stockcode` varchar(255) CHARACTER SET utf8 COLLATE utf8_general_ci NOT NULL COMMENT '股票代码',
  `Date` date NOT NULL COMMENT '第几天',
  `Open` float(255, 2) NOT NULL COMMENT '最高价',
  `High` float(255, 2) NOT NULL COMMENT '开盘价',
  `Low` float(255, 2) NOT NULL COMMENT '最低价',
  `Close` float(255, 2) NOT NULL COMMENT '收盘价',
  INDEX `link`(`stockcode`) USING BTREE,
  CONSTRAINT `link` FOREIGN KEY (`stockcode`) REFERENCES `stocks` (`stockcode`) ON DELETE CASCADE ON UPDATE CASCADE
) ENGINE = InnoDB CHARACTER SET = utf8 COLLATE = utf8_general_ci ROW_FORMAT = Compact;

-- ----------------------------
-- Records of stocksinfo
-- ----------------------------
INSERT INTO `stocksinfo` VALUES ('0992.HK', '2020-04-01', 4.14, 4.19, 3.97, 4.04);
INSERT INTO `stocksinfo` VALUES ('0992.HK', '2020-04-02', 4.01, 4.08, 3.93, 4.04);
INSERT INTO `stocksinfo` VALUES ('0992.HK', '2020-04-03', 4.01, 4.05, 3.96, 4.01);
INSERT INTO `stocksinfo` VALUES ('0992.HK', '2020-04-06', 4.03, 4.07, 3.98, 4.05);
INSERT INTO `stocksinfo` VALUES ('0992.HK', '2020-04-07', 4.11, 4.24, 4.11, 4.23);
INSERT INTO `stocksinfo` VALUES ('0992.HK', '2020-04-08', 4.23, 4.26, 4.18, 4.22);
INSERT INTO `stocksinfo` VALUES ('0992.HK', '2020-04-09', 4.25, 4.29, 4.20, 4.28);
INSERT INTO `stocksinfo` VALUES ('0992.HK', '2020-04-14', 4.24, 4.31, 4.15, 4.17);
INSERT INTO `stocksinfo` VALUES ('0992.HK', '2020-04-15', 4.22, 4.27, 4.15, 4.19);
INSERT INTO `stocksinfo` VALUES ('0992.HK', '2020-04-16', 4.19, 4.32, 3.97, 4.27);
INSERT INTO `stocksinfo` VALUES ('0992.HK', '2020-04-17', 4.33, 4.45, 4.32, 4.38);
INSERT INTO `stocksinfo` VALUES ('0992.HK', '2020-04-20', 4.35, 4.42, 4.34, 4.41);
INSERT INTO `stocksinfo` VALUES ('0992.HK', '2020-04-21', 4.43, 4.45, 4.30, 4.43);
INSERT INTO `stocksinfo` VALUES ('0992.HK', '2020-04-22', 4.37, 4.43, 4.31, 4.32);
INSERT INTO `stocksinfo` VALUES ('0992.HK', '2020-04-23', 4.37, 4.38, 4.26, 4.26);
INSERT INTO `stocksinfo` VALUES ('0992.HK', '2020-04-24', 4.21, 4.26, 4.10, 4.10);
INSERT INTO `stocksinfo` VALUES ('0992.HK', '2020-04-27', 4.14, 4.24, 4.10, 4.21);
INSERT INTO `stocksinfo` VALUES ('0992.HK', '2020-04-28', 4.18, 4.24, 4.12, 4.22);
INSERT INTO `stocksinfo` VALUES ('0992.HK', '2020-04-29', 4.25, 4.26, 4.20, 4.22);
INSERT INTO `stocksinfo` VALUES ('0992.HK', '2020-05-04', 4.23, 4.23, 4.10, 4.13);
INSERT INTO `stocksinfo` VALUES ('0992.HK', '2020-05-05', 4.18, 4.18, 4.09, 4.13);
INSERT INTO `stocksinfo` VALUES ('0992.HK', '2020-05-06', 4.15, 4.31, 4.14, 4.25);
INSERT INTO `stocksinfo` VALUES ('0992.HK', '2020-05-07', 4.29, 4.29, 4.21, 4.21);
INSERT INTO `stocksinfo` VALUES ('0992.HK', '2020-05-08', 4.24, 4.37, 4.23, 4.34);
INSERT INTO `stocksinfo` VALUES ('0992.HK', '2020-05-11', 4.38, 4.47, 4.34, 4.37);
INSERT INTO `stocksinfo` VALUES ('0992.HK', '2020-05-12', 4.38, 4.38, 4.29, 4.36);
INSERT INTO `stocksinfo` VALUES ('0992.HK', '2020-05-13', 4.36, 4.38, 4.29, 4.32);
INSERT INTO `stocksinfo` VALUES ('0992.HK', '2020-05-14', 4.29, 4.30, 4.22, 4.25);
INSERT INTO `stocksinfo` VALUES ('0992.HK', '2020-05-15', 4.30, 4.30, 4.22, 4.23);
INSERT INTO `stocksinfo` VALUES ('0992.HK', '2020-05-18', 4.24, 4.42, 4.24, 4.33);
INSERT INTO `stocksinfo` VALUES ('1810.HK', '2020-04-01', 10.38, 10.62, 10.02, 10.20);
INSERT INTO `stocksinfo` VALUES ('1810.HK', '2020-04-02', 10.14, 10.42, 10.04, 10.38);
INSERT INTO `stocksinfo` VALUES ('1810.HK', '2020-04-03', 10.40, 10.42, 10.16, 10.26);
INSERT INTO `stocksinfo` VALUES ('1810.HK', '2020-04-06', 10.46, 10.58, 10.16, 10.50);
INSERT INTO `stocksinfo` VALUES ('1810.HK', '2020-04-07', 10.60, 10.74, 10.12, 10.48);
INSERT INTO `stocksinfo` VALUES ('1810.HK', '2020-04-08', 10.30, 10.36, 10.04, 10.18);
INSERT INTO `stocksinfo` VALUES ('1810.HK', '2020-04-09', 10.22, 10.28, 10.06, 10.14);
INSERT INTO `stocksinfo` VALUES ('1810.HK', '2020-04-14', 10.20, 10.22, 9.94, 10.18);
INSERT INTO `stocksinfo` VALUES ('1810.HK', '2020-04-15', 10.30, 10.80, 10.24, 10.48);
INSERT INTO `stocksinfo` VALUES ('1810.HK', '2020-04-16', 10.48, 10.52, 10.28, 10.42);
INSERT INTO `stocksinfo` VALUES ('1810.HK', '2020-04-17', 10.58, 10.68, 10.32, 10.40);
INSERT INTO `stocksinfo` VALUES ('1810.HK', '2020-04-20', 10.48, 10.50, 10.24, 10.34);
INSERT INTO `stocksinfo` VALUES ('1810.HK', '2020-04-21', 10.26, 10.32, 9.96, 10.04);
INSERT INTO `stocksinfo` VALUES ('1810.HK', '2020-04-22', 9.90, 10.12, 9.83, 10.12);
INSERT INTO `stocksinfo` VALUES ('1810.HK', '2020-04-23', 10.28, 10.32, 10.08, 10.16);
INSERT INTO `stocksinfo` VALUES ('1810.HK', '2020-04-24', 10.20, 10.20, 10.00, 10.00);
INSERT INTO `stocksinfo` VALUES ('1810.HK', '2020-04-27', 10.04, 10.24, 10.04, 10.08);
INSERT INTO `stocksinfo` VALUES ('1810.HK', '2020-04-28', 10.16, 10.28, 10.02, 10.28);
INSERT INTO `stocksinfo` VALUES ('1810.HK', '2020-04-29', 10.28, 10.34, 10.16, 10.20);
INSERT INTO `stocksinfo` VALUES ('1810.HK', '2020-05-04', 9.98, 10.04, 9.93, 10.00);
INSERT INTO `stocksinfo` VALUES ('1810.HK', '2020-05-05', 10.10, 10.12, 9.99, 10.08);
INSERT INTO `stocksinfo` VALUES ('1810.HK', '2020-05-06', 10.04, 10.68, 10.04, 10.50);
INSERT INTO `stocksinfo` VALUES ('1810.HK', '2020-05-07', 10.42, 10.56, 10.36, 10.36);
INSERT INTO `stocksinfo` VALUES ('1810.HK', '2020-05-08', 10.50, 11.48, 10.48, 11.20);
INSERT INTO `stocksinfo` VALUES ('1810.HK', '2020-05-11', 11.50, 11.84, 11.36, 11.50);
INSERT INTO `stocksinfo` VALUES ('1810.HK', '2020-05-12', 11.46, 11.88, 11.40, 11.64);
INSERT INTO `stocksinfo` VALUES ('1810.HK', '2020-05-13', 11.64, 11.90, 11.50, 11.82);
INSERT INTO `stocksinfo` VALUES ('1810.HK', '2020-05-14', 11.76, 12.00, 11.72, 11.96);
INSERT INTO `stocksinfo` VALUES ('1810.HK', '2020-05-15', 12.00, 12.30, 11.94, 11.96);
INSERT INTO `stocksinfo` VALUES ('1810.HK', '2020-05-18', 12.44, 12.44, 11.62, 12.04);
INSERT INTO `stocksinfo` VALUES ('688111.SS', '2020-04-01', 226.50, 235.80, 222.00, 226.36);
INSERT INTO `stocksinfo` VALUES ('688111.SS', '2020-04-02', 223.61, 246.00, 223.51, 244.50);
INSERT INTO `stocksinfo` VALUES ('688111.SS', '2020-04-03', 244.00, 247.05, 235.24, 241.96);
INSERT INTO `stocksinfo` VALUES ('688111.SS', '2020-04-07', 247.46, 253.96, 245.45, 250.00);
INSERT INTO `stocksinfo` VALUES ('688111.SS', '2020-04-08', 247.50, 254.36, 236.67, 237.39);
INSERT INTO `stocksinfo` VALUES ('688111.SS', '2020-04-09', 238.26, 241.50, 226.51, 234.64);
INSERT INTO `stocksinfo` VALUES ('688111.SS', '2020-04-10', 233.00, 233.00, 218.57, 223.25);
INSERT INTO `stocksinfo` VALUES ('688111.SS', '2020-04-13', 221.00, 226.55, 215.81, 219.40);
INSERT INTO `stocksinfo` VALUES ('688111.SS', '2020-04-14', 223.00, 226.63, 217.61, 225.20);
INSERT INTO `stocksinfo` VALUES ('688111.SS', '2020-04-15', 227.70, 240.00, 226.31, 237.29);
INSERT INTO `stocksinfo` VALUES ('688111.SS', '2020-04-16', 235.93, 239.95, 232.03, 236.68);
INSERT INTO `stocksinfo` VALUES ('688111.SS', '2020-04-17', 239.00, 247.38, 239.00, 244.31);
INSERT INTO `stocksinfo` VALUES ('688111.SS', '2020-04-20', 244.86, 251.47, 240.50, 251.42);
INSERT INTO `stocksinfo` VALUES ('688111.SS', '2020-04-21', 248.68, 258.00, 244.00, 252.98);
INSERT INTO `stocksinfo` VALUES ('688111.SS', '2020-04-22', 248.13, 250.50, 241.01, 248.34);
INSERT INTO `stocksinfo` VALUES ('688111.SS', '2020-04-23', 246.00, 256.33, 246.00, 253.20);
INSERT INTO `stocksinfo` VALUES ('688111.SS', '2020-04-24', 253.19, 257.73, 245.01, 248.01);
INSERT INTO `stocksinfo` VALUES ('688111.SS', '2020-04-27', 240.00, 249.70, 240.00, 247.70);
INSERT INTO `stocksinfo` VALUES ('688111.SS', '2020-04-28', 246.00, 256.50, 220.95, 255.70);
INSERT INTO `stocksinfo` VALUES ('688111.SS', '2020-04-29', 258.70, 265.92, 250.86, 252.19);
INSERT INTO `stocksinfo` VALUES ('688111.SS', '2020-04-30', 252.19, 265.45, 252.19, 262.48);
INSERT INTO `stocksinfo` VALUES ('688111.SS', '2020-05-06', 261.00, 275.10, 260.00, 266.00);
INSERT INTO `stocksinfo` VALUES ('688111.SS', '2020-05-07', 269.00, 269.37, 260.00, 268.23);
INSERT INTO `stocksinfo` VALUES ('688111.SS', '2020-05-08', 269.00, 285.01, 267.30, 274.87);
INSERT INTO `stocksinfo` VALUES ('688111.SS', '2020-05-11', 277.00, 291.58, 255.55, 262.00);
INSERT INTO `stocksinfo` VALUES ('688111.SS', '2020-05-12', 259.50, 265.00, 253.46, 257.10);
INSERT INTO `stocksinfo` VALUES ('688111.SS', '2020-05-13', 254.37, 264.60, 254.30, 263.37);
INSERT INTO `stocksinfo` VALUES ('688111.SS', '2020-05-14', 260.60, 264.89, 257.11, 258.00);
INSERT INTO `stocksinfo` VALUES ('688111.SS', '2020-05-15', 258.53, 273.98, 258.53, 264.68);
INSERT INTO `stocksinfo` VALUES ('688111.SS', '2020-05-18', 263.00, 273.88, 250.50, 268.02);
INSERT INTO `stocksinfo` VALUES ('AAPL', '2020-04-01', 246.50, 248.72, 239.13, 240.91);
INSERT INTO `stocksinfo` VALUES ('AAPL', '2020-04-02', 240.34, 245.15, 236.90, 244.93);
INSERT INTO `stocksinfo` VALUES ('AAPL', '2020-04-03', 242.80, 245.70, 238.97, 241.41);
INSERT INTO `stocksinfo` VALUES ('AAPL', '2020-04-06', 250.90, 263.11, 249.38, 262.47);
INSERT INTO `stocksinfo` VALUES ('AAPL', '2020-04-07', 270.80, 271.70, 259.00, 259.43);
INSERT INTO `stocksinfo` VALUES ('AAPL', '2020-04-08', 262.74, 267.37, 261.23, 266.07);
INSERT INTO `stocksinfo` VALUES ('AAPL', '2020-04-09', 268.70, 270.07, 264.70, 267.99);
INSERT INTO `stocksinfo` VALUES ('AAPL', '2020-04-13', 268.31, 273.70, 265.83, 273.25);
INSERT INTO `stocksinfo` VALUES ('AAPL', '2020-04-14', 280.00, 288.25, 278.05, 287.05);
INSERT INTO `stocksinfo` VALUES ('AAPL', '2020-04-15', 282.40, 286.33, 280.63, 284.43);
INSERT INTO `stocksinfo` VALUES ('AAPL', '2020-04-16', 287.38, 288.20, 282.35, 286.69);
INSERT INTO `stocksinfo` VALUES ('AAPL', '2020-04-17', 284.69, 286.95, 276.86, 282.80);
INSERT INTO `stocksinfo` VALUES ('AAPL', '2020-04-20', 277.95, 281.68, 276.85, 276.93);
INSERT INTO `stocksinfo` VALUES ('AAPL', '2020-04-21', 276.28, 277.25, 265.43, 268.37);
INSERT INTO `stocksinfo` VALUES ('AAPL', '2020-04-22', 273.61, 277.90, 272.20, 276.10);
INSERT INTO `stocksinfo` VALUES ('AAPL', '2020-04-23', 275.87, 281.75, 274.87, 275.03);
INSERT INTO `stocksinfo` VALUES ('AAPL', '2020-04-24', 277.20, 283.01, 277.00, 282.97);
INSERT INTO `stocksinfo` VALUES ('AAPL', '2020-04-27', 281.80, 284.54, 279.95, 283.17);
INSERT INTO `stocksinfo` VALUES ('AAPL', '2020-04-28', 285.08, 285.83, 278.20, 278.58);
INSERT INTO `stocksinfo` VALUES ('AAPL', '2020-04-29', 284.73, 289.67, 283.89, 287.73);
INSERT INTO `stocksinfo` VALUES ('AAPL', '2020-04-30', 289.96, 294.53, 288.35, 293.80);
INSERT INTO `stocksinfo` VALUES ('AAPL', '2020-05-01', 286.25, 299.00, 285.85, 289.07);
INSERT INTO `stocksinfo` VALUES ('AAPL', '2020-05-04', 289.17, 293.69, 286.32, 293.16);
INSERT INTO `stocksinfo` VALUES ('AAPL', '2020-05-05', 295.06, 301.00, 294.46, 297.56);
INSERT INTO `stocksinfo` VALUES ('AAPL', '2020-05-06', 300.46, 303.24, 298.87, 300.63);
INSERT INTO `stocksinfo` VALUES ('AAPL', '2020-05-07', 303.22, 305.17, 301.97, 303.74);
INSERT INTO `stocksinfo` VALUES ('AAPL', '2020-05-08', 305.64, 310.35, 304.29, 310.13);
INSERT INTO `stocksinfo` VALUES ('AAPL', '2020-05-11', 308.10, 317.05, 307.24, 315.01);
INSERT INTO `stocksinfo` VALUES ('AAPL', '2020-05-12', 317.83, 319.69, 310.91, 311.41);
INSERT INTO `stocksinfo` VALUES ('AAPL', '2020-05-13', 312.15, 315.95, 303.21, 307.65);
INSERT INTO `stocksinfo` VALUES ('ADBE', '2020-04-01', 307.00, 309.61, 298.32, 301.21);
INSERT INTO `stocksinfo` VALUES ('ADBE', '2020-04-02', 297.76, 306.50, 293.18, 303.96);
INSERT INTO `stocksinfo` VALUES ('ADBE', '2020-04-03', 302.06, 303.47, 289.71, 293.61);
INSERT INTO `stocksinfo` VALUES ('ADBE', '2020-04-06', 306.56, 320.51, 299.96, 319.13);
INSERT INTO `stocksinfo` VALUES ('ADBE', '2020-04-07', 327.41, 328.32, 306.30, 308.93);
INSERT INTO `stocksinfo` VALUES ('ADBE', '2020-04-08', 313.88, 317.72, 308.20, 317.18);
INSERT INTO `stocksinfo` VALUES ('ADBE', '2020-04-09', 318.65, 320.78, 310.79, 318.70);
INSERT INTO `stocksinfo` VALUES ('ADBE', '2020-04-13', 315.94, 320.90, 313.75, 320.65);
INSERT INTO `stocksinfo` VALUES ('ADBE', '2020-04-14', 328.77, 342.10, 328.47, 340.77);
INSERT INTO `stocksinfo` VALUES ('ADBE', '2020-04-15', 335.34, 339.22, 329.65, 332.55);
INSERT INTO `stocksinfo` VALUES ('ADBE', '2020-04-16', 339.71, 345.52, 336.04, 342.70);
INSERT INTO `stocksinfo` VALUES ('ADBE', '2020-04-17', 350.09, 350.38, 340.50, 344.11);
INSERT INTO `stocksinfo` VALUES ('ADBE', '2020-04-20', 340.79, 348.50, 338.75, 344.88);
INSERT INTO `stocksinfo` VALUES ('ADBE', '2020-04-21', 340.90, 342.76, 325.21, 328.99);
INSERT INTO `stocksinfo` VALUES ('ADBE', '2020-04-22', 337.41, 339.38, 332.80, 336.77);
INSERT INTO `stocksinfo` VALUES ('ADBE', '2020-04-23', 338.90, 341.75, 334.80, 335.37);
INSERT INTO `stocksinfo` VALUES ('ADBE', '2020-04-24', 338.00, 344.70, 333.50, 344.10);
INSERT INTO `stocksinfo` VALUES ('ADBE', '2020-04-27', 348.80, 349.96, 345.12, 348.50);
INSERT INTO `stocksinfo` VALUES ('ADBE', '2020-04-28', 353.09, 353.45, 332.57, 333.45);
INSERT INTO `stocksinfo` VALUES ('ADBE', '2020-04-29', 339.53, 351.25, 335.44, 349.17);
INSERT INTO `stocksinfo` VALUES ('ADBE', '2020-04-30', 348.01, 356.23, 346.55, 353.64);
INSERT INTO `stocksinfo` VALUES ('ADBE', '2020-05-01', 347.24, 350.31, 340.26, 343.84);
INSERT INTO `stocksinfo` VALUES ('ADBE', '2020-05-04', 340.74, 350.60, 340.00, 349.11);
INSERT INTO `stocksinfo` VALUES ('ADBE', '2020-05-05', 353.38, 359.70, 352.39, 356.13);
INSERT INTO `stocksinfo` VALUES ('ADBE', '2020-05-06', 357.92, 366.79, 357.13, 362.52);
INSERT INTO `stocksinfo` VALUES ('ADBE', '2020-05-07', 368.82, 369.50, 365.50, 366.78);
INSERT INTO `stocksinfo` VALUES ('ADBE', '2020-05-08', 370.00, 371.10, 365.41, 367.51);
INSERT INTO `stocksinfo` VALUES ('ADBE', '2020-05-11', 365.84, 373.63, 364.50, 371.42);
INSERT INTO `stocksinfo` VALUES ('ADBE', '2020-05-12', 371.46, 372.72, 364.55, 365.10);
INSERT INTO `stocksinfo` VALUES ('ADBE', '2020-05-13', 366.45, 367.43, 352.71, 358.56);
INSERT INTO `stocksinfo` VALUES ('BABA', '2020-04-01', 189.50, 192.87, 185.04, 187.56);
INSERT INTO `stocksinfo` VALUES ('BABA', '2020-04-02', 186.08, 191.30, 185.69, 188.90);
INSERT INTO `stocksinfo` VALUES ('BABA', '2020-04-03', 190.12, 190.55, 185.41, 187.11);
INSERT INTO `stocksinfo` VALUES ('BABA', '2020-04-06', 194.74, 196.88, 192.70, 196.45);
INSERT INTO `stocksinfo` VALUES ('BABA', '2020-04-07', 200.05, 201.45, 197.05, 198.00);
INSERT INTO `stocksinfo` VALUES ('BABA', '2020-04-08', 198.34, 198.86, 193.88, 195.98);
INSERT INTO `stocksinfo` VALUES ('BABA', '2020-04-09', 198.65, 200.35, 193.40, 196.37);
INSERT INTO `stocksinfo` VALUES ('BABA', '2020-04-13', 197.40, 200.32, 195.53, 199.44);
INSERT INTO `stocksinfo` VALUES ('BABA', '2020-04-14', 204.95, 207.97, 204.25, 204.78);
INSERT INTO `stocksinfo` VALUES ('BABA', '2020-04-15', 204.77, 209.15, 201.31, 208.17);
INSERT INTO `stocksinfo` VALUES ('BABA', '2020-04-16', 210.53, 213.25, 209.12, 212.66);
INSERT INTO `stocksinfo` VALUES ('BABA', '2020-04-17', 214.98, 214.98, 208.85, 209.50);
INSERT INTO `stocksinfo` VALUES ('BABA', '2020-04-20', 209.87, 216.10, 209.36, 212.13);
INSERT INTO `stocksinfo` VALUES ('BABA', '2020-04-21', 209.90, 212.13, 205.03, 207.34);
INSERT INTO `stocksinfo` VALUES ('BABA', '2020-04-22', 212.00, 212.00, 209.21, 209.96);
INSERT INTO `stocksinfo` VALUES ('BABA', '2020-04-23', 210.24, 210.56, 203.46, 205.24);
INSERT INTO `stocksinfo` VALUES ('BABA', '2020-04-24', 205.89, 206.50, 202.82, 204.36);
INSERT INTO `stocksinfo` VALUES ('BABA', '2020-04-27', 207.55, 207.78, 202.03, 203.69);
INSERT INTO `stocksinfo` VALUES ('BABA', '2020-04-28', 204.81, 205.19, 199.41, 201.15);
INSERT INTO `stocksinfo` VALUES ('BABA', '2020-04-29', 202.93, 207.08, 202.51, 206.70);
INSERT INTO `stocksinfo` VALUES ('BABA', '2020-04-30', 206.25, 206.70, 199.29, 202.67);
INSERT INTO `stocksinfo` VALUES ('BABA', '2020-05-01', 195.75, 197.38, 192.86, 194.48);
INSERT INTO `stocksinfo` VALUES ('BABA', '2020-05-04', 194.76, 195.00, 189.53, 191.15);
INSERT INTO `stocksinfo` VALUES ('BABA', '2020-05-05', 196.38, 198.27, 194.20, 195.02);
INSERT INTO `stocksinfo` VALUES ('BABA', '2020-05-06', 197.67, 198.91, 194.93, 195.17);
INSERT INTO `stocksinfo` VALUES ('BABA', '2020-05-07', 198.00, 198.09, 194.78, 196.49);
INSERT INTO `stocksinfo` VALUES ('BABA', '2020-05-08', 199.80, 203.02, 198.68, 201.19);
INSERT INTO `stocksinfo` VALUES ('BABA', '2020-05-11', 202.78, 206.64, 202.38, 205.40);
INSERT INTO `stocksinfo` VALUES ('BABA', '2020-05-12', 206.95, 208.05, 200.02, 200.31);
INSERT INTO `stocksinfo` VALUES ('BABA', '2020-05-13', 203.62, 204.68, 197.98, 199.46);
INSERT INTO `stocksinfo` VALUES ('BIDU', '2020-04-01', 98.68, 101.52, 97.33, 97.68);
INSERT INTO `stocksinfo` VALUES ('BIDU', '2020-04-02', 97.77, 100.88, 97.00, 99.59);
INSERT INTO `stocksinfo` VALUES ('BIDU', '2020-04-03', 98.92, 100.23, 96.10, 97.20);
INSERT INTO `stocksinfo` VALUES ('BIDU', '2020-04-06', 100.88, 103.20, 100.27, 102.94);
INSERT INTO `stocksinfo` VALUES ('BIDU', '2020-04-07', 105.00, 107.39, 101.05, 101.79);
INSERT INTO `stocksinfo` VALUES ('BIDU', '2020-04-08', 98.00, 98.59, 94.90, 97.33);
INSERT INTO `stocksinfo` VALUES ('BIDU', '2020-04-09', 97.57, 100.37, 96.40, 99.00);
INSERT INTO `stocksinfo` VALUES ('BIDU', '2020-04-13', 98.71, 99.93, 97.98, 98.37);
INSERT INTO `stocksinfo` VALUES ('BIDU', '2020-04-14', 99.58, 103.11, 99.56, 100.92);
INSERT INTO `stocksinfo` VALUES ('BIDU', '2020-04-15', 98.64, 100.92, 97.37, 100.87);
INSERT INTO `stocksinfo` VALUES ('BIDU', '2020-04-16', 101.60, 103.03, 99.67, 102.82);
INSERT INTO `stocksinfo` VALUES ('BIDU', '2020-04-17', 104.21, 105.19, 103.15, 105.00);
INSERT INTO `stocksinfo` VALUES ('BIDU', '2020-04-20', 103.60, 107.67, 103.42, 104.68);
INSERT INTO `stocksinfo` VALUES ('BIDU', '2020-04-21', 102.10, 102.42, 98.83, 101.41);
INSERT INTO `stocksinfo` VALUES ('BIDU', '2020-04-22', 101.99, 104.36, 101.20, 101.75);
INSERT INTO `stocksinfo` VALUES ('BIDU', '2020-04-23', 101.20, 102.38, 99.21, 99.85);
INSERT INTO `stocksinfo` VALUES ('BIDU', '2020-04-24', 101.10, 101.92, 99.89, 100.95);
INSERT INTO `stocksinfo` VALUES ('BIDU', '2020-04-27', 101.20, 101.55, 99.72, 100.56);
INSERT INTO `stocksinfo` VALUES ('BIDU', '2020-04-28', 101.00, 101.00, 96.81, 97.13);
INSERT INTO `stocksinfo` VALUES ('BIDU', '2020-04-29', 98.47, 99.88, 97.01, 99.67);
INSERT INTO `stocksinfo` VALUES ('BIDU', '2020-04-30', 99.74, 102.98, 98.66, 100.93);
INSERT INTO `stocksinfo` VALUES ('BIDU', '2020-05-01', 98.20, 98.20, 94.31, 96.02);
INSERT INTO `stocksinfo` VALUES ('BIDU', '2020-05-04', 95.43, 96.02, 93.54, 94.76);
INSERT INTO `stocksinfo` VALUES ('BIDU', '2020-05-05', 96.41, 97.60, 95.47, 95.77);
INSERT INTO `stocksinfo` VALUES ('BIDU', '2020-05-06', 96.61, 98.04, 95.29, 97.08);
INSERT INTO `stocksinfo` VALUES ('BIDU', '2020-05-07', 98.10, 98.45, 97.45, 98.18);
INSERT INTO `stocksinfo` VALUES ('BIDU', '2020-05-08', 99.79, 100.67, 98.15, 99.77);
INSERT INTO `stocksinfo` VALUES ('BIDU', '2020-05-11', 99.76, 100.17, 98.72, 99.55);
INSERT INTO `stocksinfo` VALUES ('BIDU', '2020-05-12', 100.00, 100.00, 97.46, 97.47);
INSERT INTO `stocksinfo` VALUES ('BIDU', '2020-05-13', 98.21, 98.98, 94.15, 95.49);
INSERT INTO `stocksinfo` VALUES ('BILI', '2020-04-01', 23.11, 24.85, 23.11, 24.06);
INSERT INTO `stocksinfo` VALUES ('BILI', '2020-04-02', 23.98, 24.58, 23.24, 24.42);
INSERT INTO `stocksinfo` VALUES ('BILI', '2020-04-03', 24.31, 24.70, 23.61, 24.11);
INSERT INTO `stocksinfo` VALUES ('BILI', '2020-04-06', 24.91, 25.58, 24.72, 25.56);
INSERT INTO `stocksinfo` VALUES ('BILI', '2020-04-07', 26.11, 26.90, 25.54, 26.49);
INSERT INTO `stocksinfo` VALUES ('BILI', '2020-04-08', 25.84, 26.50, 24.40, 26.20);
INSERT INTO `stocksinfo` VALUES ('BILI', '2020-04-09', 27.85, 29.74, 26.30, 26.83);
INSERT INTO `stocksinfo` VALUES ('BILI', '2020-04-13', 27.03, 27.12, 25.81, 26.21);
INSERT INTO `stocksinfo` VALUES ('BILI', '2020-04-14', 27.00, 27.87, 26.79, 27.48);
INSERT INTO `stocksinfo` VALUES ('BILI', '2020-04-15', 27.00, 28.45, 26.82, 28.10);
INSERT INTO `stocksinfo` VALUES ('BILI', '2020-04-16', 28.38, 29.42, 28.05, 28.78);
INSERT INTO `stocksinfo` VALUES ('BILI', '2020-04-17', 29.30, 29.70, 28.37, 29.00);
INSERT INTO `stocksinfo` VALUES ('BILI', '2020-04-20', 28.69, 30.30, 28.44, 29.68);
INSERT INTO `stocksinfo` VALUES ('BILI', '2020-04-21', 29.22, 29.94, 27.92, 28.57);
INSERT INTO `stocksinfo` VALUES ('BILI', '2020-04-22', 29.23, 30.50, 29.20, 30.20);
INSERT INTO `stocksinfo` VALUES ('BILI', '2020-04-23', 29.96, 30.01, 27.50, 28.01);
INSERT INTO `stocksinfo` VALUES ('BILI', '2020-04-24', 27.99, 27.99, 27.32, 27.74);
INSERT INTO `stocksinfo` VALUES ('BILI', '2020-04-27', 28.33, 28.34, 27.59, 27.71);
INSERT INTO `stocksinfo` VALUES ('BILI', '2020-04-28', 28.08, 28.10, 26.61, 26.96);
INSERT INTO `stocksinfo` VALUES ('BILI', '2020-04-29', 27.55, 27.96, 27.21, 27.76);
INSERT INTO `stocksinfo` VALUES ('BILI', '2020-04-30', 27.54, 28.30, 27.09, 27.39);
INSERT INTO `stocksinfo` VALUES ('BILI', '2020-05-01', 26.58, 26.85, 25.00, 25.14);
INSERT INTO `stocksinfo` VALUES ('BILI', '2020-05-04', 26.36, 27.10, 26.05, 26.53);
INSERT INTO `stocksinfo` VALUES ('BILI', '2020-05-05', 27.28, 28.01, 27.26, 27.51);
INSERT INTO `stocksinfo` VALUES ('BILI', '2020-05-06', 28.03, 28.57, 27.91, 27.98);
INSERT INTO `stocksinfo` VALUES ('BILI', '2020-05-07', 28.50, 28.76, 27.89, 28.65);
INSERT INTO `stocksinfo` VALUES ('BILI', '2020-05-08', 28.82, 29.84, 28.62, 29.00);
INSERT INTO `stocksinfo` VALUES ('BILI', '2020-05-11', 28.76, 29.19, 28.08, 28.68);
INSERT INTO `stocksinfo` VALUES ('BILI', '2020-05-12', 28.88, 30.13, 28.63, 29.24);
INSERT INTO `stocksinfo` VALUES ('BILI', '2020-05-13', 29.94, 31.17, 29.82, 30.68);
INSERT INTO `stocksinfo` VALUES ('FB', '2020-04-01', 161.62, 164.15, 158.04, 159.60);
INSERT INTO `stocksinfo` VALUES ('FB', '2020-04-02', 159.10, 161.35, 155.92, 158.19);
INSERT INTO `stocksinfo` VALUES ('FB', '2020-04-03', 157.15, 157.91, 150.83, 154.18);
INSERT INTO `stocksinfo` VALUES ('FB', '2020-04-06', 160.15, 166.20, 158.51, 165.55);
INSERT INTO `stocksinfo` VALUES ('FB', '2020-04-07', 171.79, 173.39, 166.01, 168.83);
INSERT INTO `stocksinfo` VALUES ('FB', '2020-04-08', 171.25, 175.00, 167.74, 174.28);
INSERT INTO `stocksinfo` VALUES ('FB', '2020-04-09', 175.90, 177.08, 171.57, 175.19);
INSERT INTO `stocksinfo` VALUES ('FB', '2020-04-13', 173.67, 175.00, 169.45, 174.79);
INSERT INTO `stocksinfo` VALUES ('FB', '2020-04-14', 178.98, 181.23, 176.62, 178.17);
INSERT INTO `stocksinfo` VALUES ('FB', '2020-04-15', 175.19, 178.19, 172.82, 176.97);
INSERT INTO `stocksinfo` VALUES ('FB', '2020-04-16', 177.95, 178.05, 172.51, 176.25);
INSERT INTO `stocksinfo` VALUES ('FB', '2020-04-17', 179.20, 180.28, 176.66, 179.24);
INSERT INTO `stocksinfo` VALUES ('FB', '2020-04-20', 177.41, 180.50, 176.77, 178.24);
INSERT INTO `stocksinfo` VALUES ('FB', '2020-04-21', 175.25, 175.38, 168.34, 170.80);
INSERT INTO `stocksinfo` VALUES ('FB', '2020-04-22', 178.45, 184.78, 178.14, 182.28);
INSERT INTO `stocksinfo` VALUES ('FB', '2020-04-23', 184.08, 187.05, 183.15, 185.13);
INSERT INTO `stocksinfo` VALUES ('FB', '2020-04-24', 183.23, 190.41, 180.83, 190.07);
INSERT INTO `stocksinfo` VALUES ('FB', '2020-04-27', 192.66, 193.75, 187.41, 187.50);
INSERT INTO `stocksinfo` VALUES ('FB', '2020-04-28', 188.66, 189.20, 182.56, 182.91);
INSERT INTO `stocksinfo` VALUES ('FB', '2020-04-29', 190.93, 196.91, 190.00, 194.19);
INSERT INTO `stocksinfo` VALUES ('FB', '2020-04-30', 206.92, 209.69, 201.57, 204.71);
INSERT INTO `stocksinfo` VALUES ('FB', '2020-05-01', 201.60, 207.28, 199.05, 202.27);
INSERT INTO `stocksinfo` VALUES ('FB', '2020-05-04', 200.20, 205.91, 198.76, 205.26);
INSERT INTO `stocksinfo` VALUES ('FB', '2020-05-05', 207.02, 210.38, 206.50, 207.07);
INSERT INTO `stocksinfo` VALUES ('FB', '2020-05-06', 208.12, 211.60, 206.66, 208.47);
INSERT INTO `stocksinfo` VALUES ('FB', '2020-05-07', 211.16, 211.60, 209.04, 211.26);
INSERT INTO `stocksinfo` VALUES ('FB', '2020-05-08', 212.24, 213.21, 210.85, 212.35);
INSERT INTO `stocksinfo` VALUES ('FB', '2020-05-11', 210.89, 215.00, 210.37, 213.18);
INSERT INTO `stocksinfo` VALUES ('FB', '2020-05-12', 213.29, 215.28, 210.00, 210.10);
INSERT INTO `stocksinfo` VALUES ('FB', '2020-05-13', 209.43, 210.78, 202.11, 205.10);
INSERT INTO `stocksinfo` VALUES ('GOOGL', '2020-04-01', 1124.00, 1129.42, 1093.49, 1102.10);
INSERT INTO `stocksinfo` VALUES ('GOOGL', '2020-04-02', 1100.00, 1122.77, 1093.13, 1117.03);
INSERT INTO `stocksinfo` VALUES ('GOOGL', '2020-04-03', 1114.71, 1118.79, 1075.08, 1092.70);
INSERT INTO `stocksinfo` VALUES ('GOOGL', '2020-04-06', 1133.00, 1190.75, 1125.00, 1183.19);
INSERT INTO `stocksinfo` VALUES ('GOOGL', '2020-04-07', 1217.01, 1220.78, 1177.25, 1182.56);
INSERT INTO `stocksinfo` VALUES ('GOOGL', '2020-04-08', 1203.10, 1214.90, 1183.95, 1207.00);
INSERT INTO `stocksinfo` VALUES ('GOOGL', '2020-04-09', 1218.18, 1221.99, 1192.42, 1206.57);
INSERT INTO `stocksinfo` VALUES ('GOOGL', '2020-04-13', 1201.50, 1214.52, 1182.33, 1210.41);
INSERT INTO `stocksinfo` VALUES ('GOOGL', '2020-04-14', 1239.97, 1275.75, 1228.54, 1265.23);
INSERT INTO `stocksinfo` VALUES ('GOOGL', '2020-04-15', 1246.51, 1275.11, 1234.00, 1257.30);
INSERT INTO `stocksinfo` VALUES ('GOOGL', '2020-04-16', 1267.14, 1273.36, 1238.20, 1257.43);
INSERT INTO `stocksinfo` VALUES ('GOOGL', '2020-04-17', 1281.70, 1290.00, 1266.00, 1279.00);
INSERT INTO `stocksinfo` VALUES ('GOOGL', '2020-04-20', 1269.89, 1276.82, 1256.44, 1261.15);
INSERT INTO `stocksinfo` VALUES ('GOOGL', '2020-04-21', 1242.71, 1250.00, 1205.00, 1212.16);
INSERT INTO `stocksinfo` VALUES ('GOOGL', '2020-04-22', 1241.11, 1279.88, 1237.20, 1258.41);
INSERT INTO `stocksinfo` VALUES ('GOOGL', '2020-04-23', 1265.74, 1288.15, 1260.53, 1271.17);
INSERT INTO `stocksinfo` VALUES ('GOOGL', '2020-04-24', 1255.00, 1277.71, 1244.00, 1276.60);
INSERT INTO `stocksinfo` VALUES ('GOOGL', '2020-04-27', 1292.00, 1294.10, 1265.06, 1270.86);
INSERT INTO `stocksinfo` VALUES ('GOOGL', '2020-04-28', 1283.20, 1284.76, 1230.38, 1232.59);
INSERT INTO `stocksinfo` VALUES ('GOOGL', '2020-04-29', 1345.00, 1360.15, 1326.73, 1342.18);
INSERT INTO `stocksinfo` VALUES ('GOOGL', '2020-04-30', 1331.36, 1350.00, 1321.50, 1346.70);
INSERT INTO `stocksinfo` VALUES ('GOOGL', '2020-05-01', 1324.09, 1351.43, 1309.66, 1317.32);
INSERT INTO `stocksinfo` VALUES ('GOOGL', '2020-05-04', 1308.13, 1324.47, 1296.01, 1322.90);
INSERT INTO `stocksinfo` VALUES ('GOOGL', '2020-05-05', 1337.50, 1371.01, 1335.03, 1349.02);
INSERT INTO `stocksinfo` VALUES ('GOOGL', '2020-05-06', 1358.00, 1368.69, 1345.13, 1345.43);
INSERT INTO `stocksinfo` VALUES ('GOOGL', '2020-05-07', 1361.31, 1376.00, 1352.54, 1369.28);
INSERT INTO `stocksinfo` VALUES ('GOOGL', '2020-05-08', 1381.82, 1396.64, 1372.01, 1384.34);
INSERT INTO `stocksinfo` VALUES ('GOOGL', '2020-05-11', 1376.79, 1415.53, 1375.50, 1403.59);
INSERT INTO `stocksinfo` VALUES ('GOOGL', '2020-05-12', 1408.22, 1414.33, 1374.51, 1375.18);
INSERT INTO `stocksinfo` VALUES ('GOOGL', '2020-05-13', 1376.16, 1385.33, 1328.01, 1348.33);
INSERT INTO `stocksinfo` VALUES ('JD', '2020-04-01', 39.91, 42.82, 39.91, 40.91);
INSERT INTO `stocksinfo` VALUES ('JD', '2020-04-02', 40.55, 41.55, 39.51, 40.08);
INSERT INTO `stocksinfo` VALUES ('JD', '2020-04-03', 40.08, 41.03, 39.26, 39.89);
INSERT INTO `stocksinfo` VALUES ('JD', '2020-04-06', 40.92, 42.06, 40.20, 41.56);
INSERT INTO `stocksinfo` VALUES ('JD', '2020-04-07', 42.70, 43.15, 41.72, 41.99);
INSERT INTO `stocksinfo` VALUES ('JD', '2020-04-08', 41.93, 42.43, 40.76, 41.17);
INSERT INTO `stocksinfo` VALUES ('JD', '2020-04-09', 41.97, 43.15, 41.51, 42.16);
INSERT INTO `stocksinfo` VALUES ('JD', '2020-04-13', 42.00, 42.80, 41.71, 42.78);
INSERT INTO `stocksinfo` VALUES ('JD', '2020-04-14', 43.75, 45.08, 43.67, 43.86);
INSERT INTO `stocksinfo` VALUES ('JD', '2020-04-15', 43.88, 46.36, 43.47, 44.60);
INSERT INTO `stocksinfo` VALUES ('JD', '2020-04-16', 45.70, 47.84, 45.17, 47.50);
INSERT INTO `stocksinfo` VALUES ('JD', '2020-04-17', 47.73, 47.98, 45.31, 46.15);
INSERT INTO `stocksinfo` VALUES ('JD', '2020-04-20', 45.84, 46.95, 45.00, 45.20);
INSERT INTO `stocksinfo` VALUES ('JD', '2020-04-21', 44.38, 44.85, 42.05, 43.24);
INSERT INTO `stocksinfo` VALUES ('JD', '2020-04-22', 44.19, 45.20, 43.96, 44.99);
INSERT INTO `stocksinfo` VALUES ('JD', '2020-04-23', 45.00, 45.72, 44.64, 44.94);
INSERT INTO `stocksinfo` VALUES ('JD', '2020-04-24', 45.49, 45.67, 44.22, 45.05);
INSERT INTO `stocksinfo` VALUES ('JD', '2020-04-27', 45.88, 46.02, 44.87, 45.58);
INSERT INTO `stocksinfo` VALUES ('JD', '2020-04-28', 46.04, 46.19, 43.16, 43.58);
INSERT INTO `stocksinfo` VALUES ('JD', '2020-04-29', 44.02, 44.66, 43.36, 44.34);
INSERT INTO `stocksinfo` VALUES ('JD', '2020-04-30', 44.07, 44.37, 42.34, 43.10);
INSERT INTO `stocksinfo` VALUES ('JD', '2020-05-01', 41.98, 42.32, 40.58, 41.38);
INSERT INTO `stocksinfo` VALUES ('JD', '2020-05-04', 41.48, 42.35, 41.28, 42.25);
INSERT INTO `stocksinfo` VALUES ('JD', '2020-05-05', 43.60, 44.23, 42.89, 43.12);
INSERT INTO `stocksinfo` VALUES ('JD', '2020-05-06', 43.76, 44.22, 42.42, 43.30);
INSERT INTO `stocksinfo` VALUES ('JD', '2020-05-07', 43.97, 44.95, 43.87, 44.76);
INSERT INTO `stocksinfo` VALUES ('JD', '2020-05-08', 45.84, 46.97, 45.60, 46.78);
INSERT INTO `stocksinfo` VALUES ('JD', '2020-05-11', 47.24, 47.67, 46.68, 46.72);
INSERT INTO `stocksinfo` VALUES ('JD', '2020-05-12', 47.11, 48.65, 46.60, 47.03);
INSERT INTO `stocksinfo` VALUES ('JD', '2020-05-13', 48.71, 49.13, 47.18, 47.81);
INSERT INTO `stocksinfo` VALUES ('KO', '2020-04-01', 42.48, 43.65, 41.80, 42.12);
INSERT INTO `stocksinfo` VALUES ('KO', '2020-04-02', 42.22, 44.19, 41.86, 43.95);
INSERT INTO `stocksinfo` VALUES ('KO', '2020-04-03', 43.58, 44.34, 43.31, 43.83);
INSERT INTO `stocksinfo` VALUES ('KO', '2020-04-06', 45.39, 47.01, 44.69, 46.67);
INSERT INTO `stocksinfo` VALUES ('KO', '2020-04-07', 48.50, 48.60, 46.48, 46.51);
INSERT INTO `stocksinfo` VALUES ('KO', '2020-04-08', 46.64, 48.09, 46.33, 47.82);
INSERT INTO `stocksinfo` VALUES ('KO', '2020-04-09', 48.44, 49.73, 48.35, 49.00);
INSERT INTO `stocksinfo` VALUES ('KO', '2020-04-13', 48.35, 48.64, 46.50, 46.93);
INSERT INTO `stocksinfo` VALUES ('KO', '2020-04-14', 47.94, 49.25, 46.93, 48.92);
INSERT INTO `stocksinfo` VALUES ('KO', '2020-04-15', 47.71, 48.40, 47.41, 47.61);
INSERT INTO `stocksinfo` VALUES ('KO', '2020-04-16', 47.40, 47.85, 46.76, 47.10);
INSERT INTO `stocksinfo` VALUES ('KO', '2020-04-17', 48.30, 48.30, 47.37, 48.06);
INSERT INTO `stocksinfo` VALUES ('KO', '2020-04-20', 47.79, 48.00, 46.31, 46.53);
INSERT INTO `stocksinfo` VALUES ('KO', '2020-04-21', 45.88, 46.90, 44.26, 45.38);
INSERT INTO `stocksinfo` VALUES ('KO', '2020-04-22', 46.05, 46.15, 45.50, 45.68);
INSERT INTO `stocksinfo` VALUES ('KO', '2020-04-23', 45.95, 46.10, 44.97, 45.07);
INSERT INTO `stocksinfo` VALUES ('KO', '2020-04-24', 45.50, 45.75, 45.12, 45.43);
INSERT INTO `stocksinfo` VALUES ('KO', '2020-04-27', 46.00, 46.98, 45.71, 46.78);
INSERT INTO `stocksinfo` VALUES ('KO', '2020-04-28', 47.90, 48.00, 46.57, 46.74);
INSERT INTO `stocksinfo` VALUES ('KO', '2020-04-29', 47.27, 47.86, 46.88, 47.12);
INSERT INTO `stocksinfo` VALUES ('KO', '2020-04-30', 47.00, 47.00, 45.70, 45.89);
INSERT INTO `stocksinfo` VALUES ('KO', '2020-05-01', 45.62, 46.39, 45.21, 45.60);
INSERT INTO `stocksinfo` VALUES ('KO', '2020-05-04', 45.32, 45.48, 44.60, 45.14);
INSERT INTO `stocksinfo` VALUES ('KO', '2020-05-05', 45.36, 46.10, 45.15, 45.40);
INSERT INTO `stocksinfo` VALUES ('KO', '2020-05-06', 45.40, 45.63, 44.72, 44.75);
INSERT INTO `stocksinfo` VALUES ('KO', '2020-05-07', 45.15, 45.24, 44.50, 44.60);
INSERT INTO `stocksinfo` VALUES ('KO', '2020-05-08', 45.08, 46.22, 44.88, 46.11);
INSERT INTO `stocksinfo` VALUES ('KO', '2020-05-11', 45.69, 46.11, 45.52, 45.54);
INSERT INTO `stocksinfo` VALUES ('KO', '2020-05-12', 45.60, 45.85, 44.80, 44.82);
INSERT INTO `stocksinfo` VALUES ('KO', '2020-05-13', 44.71, 44.78, 43.52, 43.94);
INSERT INTO `stocksinfo` VALUES ('MSFT', '2020-04-01', 153.00, 157.75, 150.82, 152.11);
INSERT INTO `stocksinfo` VALUES ('MSFT', '2020-04-02', 151.86, 155.48, 150.36, 155.26);
INSERT INTO `stocksinfo` VALUES ('MSFT', '2020-04-03', 155.10, 157.38, 152.19, 153.83);
INSERT INTO `stocksinfo` VALUES ('MSFT', '2020-04-06', 160.32, 166.50, 157.58, 165.27);
INSERT INTO `stocksinfo` VALUES ('MSFT', '2020-04-07', 169.59, 170.00, 163.26, 163.49);
INSERT INTO `stocksinfo` VALUES ('MSFT', '2020-04-08', 165.67, 166.67, 163.50, 165.13);
INSERT INTO `stocksinfo` VALUES ('MSFT', '2020-04-09', 166.36, 167.37, 163.33, 165.14);
INSERT INTO `stocksinfo` VALUES ('MSFT', '2020-04-13', 164.35, 165.57, 162.30, 165.51);
INSERT INTO `stocksinfo` VALUES ('MSFT', '2020-04-14', 169.00, 173.75, 168.00, 173.70);
INSERT INTO `stocksinfo` VALUES ('MSFT', '2020-04-15', 171.20, 173.57, 169.24, 171.88);
INSERT INTO `stocksinfo` VALUES ('MSFT', '2020-04-16', 174.30, 177.28, 172.90, 177.04);
INSERT INTO `stocksinfo` VALUES ('MSFT', '2020-04-17', 179.50, 180.00, 175.87, 178.60);
INSERT INTO `stocksinfo` VALUES ('MSFT', '2020-04-20', 176.63, 178.75, 174.99, 175.06);
INSERT INTO `stocksinfo` VALUES ('MSFT', '2020-04-21', 173.50, 173.67, 166.11, 167.82);
INSERT INTO `stocksinfo` VALUES ('MSFT', '2020-04-22', 171.39, 174.00, 170.82, 173.52);
INSERT INTO `stocksinfo` VALUES ('MSFT', '2020-04-23', 174.11, 175.06, 170.91, 171.42);
INSERT INTO `stocksinfo` VALUES ('MSFT', '2020-04-24', 172.06, 174.56, 170.71, 174.55);
INSERT INTO `stocksinfo` VALUES ('MSFT', '2020-04-27', 176.59, 176.90, 173.30, 174.05);
INSERT INTO `stocksinfo` VALUES ('MSFT', '2020-04-28', 175.59, 175.67, 169.39, 169.81);
INSERT INTO `stocksinfo` VALUES ('MSFT', '2020-04-29', 173.22, 177.68, 171.88, 177.43);
INSERT INTO `stocksinfo` VALUES ('MSFT', '2020-04-30', 180.00, 180.40, 176.23, 179.21);
INSERT INTO `stocksinfo` VALUES ('MSFT', '2020-05-01', 175.80, 178.64, 174.01, 174.57);
INSERT INTO `stocksinfo` VALUES ('MSFT', '2020-05-04', 174.49, 179.00, 173.80, 178.84);
INSERT INTO `stocksinfo` VALUES ('MSFT', '2020-05-05', 180.62, 183.65, 179.90, 180.76);
INSERT INTO `stocksinfo` VALUES ('MSFT', '2020-05-06', 182.08, 184.20, 181.63, 182.54);
INSERT INTO `stocksinfo` VALUES ('MSFT', '2020-05-07', 184.17, 184.55, 182.58, 183.60);
INSERT INTO `stocksinfo` VALUES ('MSFT', '2020-05-08', 184.98, 185.00, 183.36, 184.68);
INSERT INTO `stocksinfo` VALUES ('MSFT', '2020-05-11', 183.15, 187.51, 182.85, 186.74);
INSERT INTO `stocksinfo` VALUES ('MSFT', '2020-05-12', 186.80, 187.04, 182.30, 182.51);
INSERT INTO `stocksinfo` VALUES ('MSFT', '2020-05-13', 182.55, 184.05, 176.54, 179.75);
INSERT INTO `stocksinfo` VALUES ('NSRGY', '2020-04-01', 101.76, 103.72, 101.62, 102.16);
INSERT INTO `stocksinfo` VALUES ('NSRGY', '2020-04-02', 102.99, 104.71, 102.73, 104.54);
INSERT INTO `stocksinfo` VALUES ('NSRGY', '2020-04-03', 105.02, 105.06, 103.81, 104.76);
INSERT INTO `stocksinfo` VALUES ('NSRGY', '2020-04-06', 105.91, 107.00, 105.68, 106.61);
INSERT INTO `stocksinfo` VALUES ('NSRGY', '2020-04-07', 107.40, 107.45, 105.20, 105.20);
INSERT INTO `stocksinfo` VALUES ('NSRGY', '2020-04-08', 106.48, 107.74, 105.75, 107.05);
INSERT INTO `stocksinfo` VALUES ('NSRGY', '2020-04-09', 105.48, 106.73, 105.18, 106.27);
INSERT INTO `stocksinfo` VALUES ('NSRGY', '2020-04-13', 105.20, 106.23, 104.79, 105.76);
INSERT INTO `stocksinfo` VALUES ('NSRGY', '2020-04-14', 107.33, 108.35, 107.15, 107.61);
INSERT INTO `stocksinfo` VALUES ('NSRGY', '2020-04-15', 106.95, 107.86, 106.66, 107.25);
INSERT INTO `stocksinfo` VALUES ('NSRGY', '2020-04-16', 108.78, 108.85, 107.52, 108.47);
INSERT INTO `stocksinfo` VALUES ('NSRGY', '2020-04-17', 109.36, 110.54, 108.97, 109.96);
INSERT INTO `stocksinfo` VALUES ('NSRGY', '2020-04-20', 110.68, 112.25, 110.29, 110.81);
INSERT INTO `stocksinfo` VALUES ('NSRGY', '2020-04-21', 109.27, 109.71, 107.40, 107.96);
INSERT INTO `stocksinfo` VALUES ('NSRGY', '2020-04-22', 109.71, 110.06, 109.01, 109.19);
INSERT INTO `stocksinfo` VALUES ('NSRGY', '2020-04-23', 107.80, 108.18, 105.62, 106.00);
INSERT INTO `stocksinfo` VALUES ('NSRGY', '2020-04-24', 110.14, 110.17, 108.59, 109.22);
INSERT INTO `stocksinfo` VALUES ('NSRGY', '2020-04-27', 106.61, 107.05, 105.95, 107.04);
INSERT INTO `stocksinfo` VALUES ('NSRGY', '2020-04-28', 107.60, 107.65, 106.00, 106.46);
INSERT INTO `stocksinfo` VALUES ('NSRGY', '2020-04-29', 105.89, 106.04, 105.47, 105.51);
INSERT INTO `stocksinfo` VALUES ('NSRGY', '2020-04-30', 106.35, 106.84, 104.70, 105.10);
INSERT INTO `stocksinfo` VALUES ('NSRGY', '2020-05-01', 104.00, 106.07, 104.00, 104.38);
INSERT INTO `stocksinfo` VALUES ('NSRGY', '2020-05-04', 104.36, 104.45, 103.18, 103.95);
INSERT INTO `stocksinfo` VALUES ('NSRGY', '2020-05-05', 104.34, 104.96, 103.92, 103.97);
INSERT INTO `stocksinfo` VALUES ('NSRGY', '2020-05-06', 105.76, 105.84, 105.01, 105.25);
INSERT INTO `stocksinfo` VALUES ('NSRGY', '2020-05-07', 106.69, 106.80, 105.66, 106.31);
INSERT INTO `stocksinfo` VALUES ('NSRGY', '2020-05-08', 107.66, 108.35, 107.54, 108.00);
INSERT INTO `stocksinfo` VALUES ('NSRGY', '2020-05-11', 108.15, 109.17, 108.13, 108.75);
INSERT INTO `stocksinfo` VALUES ('NSRGY', '2020-05-12', 109.32, 109.74, 108.40, 108.40);
INSERT INTO `stocksinfo` VALUES ('NSRGY', '2020-05-13', 108.63, 108.84, 107.28, 107.65);
INSERT INTO `stocksinfo` VALUES ('NTES', '2020-04-01', 311.77, 333.14, 310.01, 323.38);
INSERT INTO `stocksinfo` VALUES ('NTES', '2020-04-02', 320.00, 331.59, 320.00, 331.12);
INSERT INTO `stocksinfo` VALUES ('NTES', '2020-04-03', 326.21, 337.67, 324.04, 325.00);
INSERT INTO `stocksinfo` VALUES ('NTES', '2020-04-06', 335.95, 338.62, 322.24, 337.60);
INSERT INTO `stocksinfo` VALUES ('NTES', '2020-04-07', 340.11, 341.39, 326.05, 326.97);
INSERT INTO `stocksinfo` VALUES ('NTES', '2020-04-08', 329.39, 331.15, 322.19, 325.32);
INSERT INTO `stocksinfo` VALUES ('NTES', '2020-04-09', 327.57, 331.37, 321.00, 327.35);
INSERT INTO `stocksinfo` VALUES ('NTES', '2020-04-13', 326.26, 339.86, 325.57, 338.54);
INSERT INTO `stocksinfo` VALUES ('NTES', '2020-04-14', 347.48, 350.53, 340.42, 341.86);
INSERT INTO `stocksinfo` VALUES ('NTES', '2020-04-15', 338.20, 350.77, 338.20, 349.82);
INSERT INTO `stocksinfo` VALUES ('NTES', '2020-04-16', 351.10, 363.47, 350.12, 362.21);
INSERT INTO `stocksinfo` VALUES ('NTES', '2020-04-17', 365.00, 367.52, 342.83, 348.64);
INSERT INTO `stocksinfo` VALUES ('NTES', '2020-04-20', 346.06, 353.81, 345.40, 348.83);
INSERT INTO `stocksinfo` VALUES ('NTES', '2020-04-21', 345.38, 351.38, 337.07, 344.40);
INSERT INTO `stocksinfo` VALUES ('NTES', '2020-04-22', 351.18, 351.62, 345.17, 348.67);
INSERT INTO `stocksinfo` VALUES ('NTES', '2020-04-23', 350.99, 350.99, 339.60, 342.86);
INSERT INTO `stocksinfo` VALUES ('NTES', '2020-04-24', 347.53, 349.32, 339.93, 348.95);
INSERT INTO `stocksinfo` VALUES ('NTES', '2020-04-27', 356.40, 362.80, 352.37, 359.24);
INSERT INTO `stocksinfo` VALUES ('NTES', '2020-04-28', 360.80, 363.95, 350.79, 353.37);
INSERT INTO `stocksinfo` VALUES ('NTES', '2020-04-29', 352.35, 358.75, 347.54, 353.38);
INSERT INTO `stocksinfo` VALUES ('NTES', '2020-04-30', 349.60, 353.90, 339.89, 344.96);
INSERT INTO `stocksinfo` VALUES ('NTES', '2020-05-01', 338.69, 340.62, 324.42, 325.34);
INSERT INTO `stocksinfo` VALUES ('NTES', '2020-05-04', 330.75, 334.33, 327.02, 329.58);
INSERT INTO `stocksinfo` VALUES ('NTES', '2020-05-05', 341.79, 347.55, 337.43, 339.23);
INSERT INTO `stocksinfo` VALUES ('NTES', '2020-05-06', 341.02, 349.36, 340.20, 342.00);
INSERT INTO `stocksinfo` VALUES ('NTES', '2020-05-07', 344.84, 349.25, 342.92, 347.32);
INSERT INTO `stocksinfo` VALUES ('NTES', '2020-05-08', 353.92, 361.51, 353.86, 359.77);
INSERT INTO `stocksinfo` VALUES ('NTES', '2020-05-11', 360.25, 365.09, 355.26, 356.11);
INSERT INTO `stocksinfo` VALUES ('NTES', '2020-05-12', 359.38, 367.14, 358.22, 360.65);
INSERT INTO `stocksinfo` VALUES ('NTES', '2020-05-13', 364.90, 375.98, 363.53, 370.97);
INSERT INTO `stocksinfo` VALUES ('ORCL', '2020-04-01', 46.55, 48.99, 46.04, 48.71);
INSERT INTO `stocksinfo` VALUES ('ORCL', '2020-04-02', 48.18, 49.89, 48.10, 49.80);
INSERT INTO `stocksinfo` VALUES ('ORCL', '2020-04-03', 49.30, 50.05, 48.95, 49.40);
INSERT INTO `stocksinfo` VALUES ('ORCL', '2020-04-06', 50.40, 51.88, 50.35, 51.49);
INSERT INTO `stocksinfo` VALUES ('ORCL', '2020-04-07', 52.15, 52.33, 50.71, 50.76);
INSERT INTO `stocksinfo` VALUES ('ORCL', '2020-04-08', 50.98, 52.68, 50.88, 52.13);
INSERT INTO `stocksinfo` VALUES ('ORCL', '2020-04-09', 52.24, 53.62, 52.03, 53.18);
INSERT INTO `stocksinfo` VALUES ('ORCL', '2020-04-13', 52.70, 53.14, 52.40, 52.97);
INSERT INTO `stocksinfo` VALUES ('ORCL', '2020-04-14', 53.71, 54.10, 53.45, 54.00);
INSERT INTO `stocksinfo` VALUES ('ORCL', '2020-04-15', 53.21, 53.45, 52.81, 53.16);
INSERT INTO `stocksinfo` VALUES ('ORCL', '2020-04-16', 53.15, 53.87, 53.07, 53.70);
INSERT INTO `stocksinfo` VALUES ('ORCL', '2020-04-17', 54.52, 54.72, 53.97, 54.62);
INSERT INTO `stocksinfo` VALUES ('ORCL', '2020-04-20', 54.05, 54.58, 53.80, 53.91);
INSERT INTO `stocksinfo` VALUES ('ORCL', '2020-04-21', 53.23, 53.34, 51.12, 51.31);
INSERT INTO `stocksinfo` VALUES ('ORCL', '2020-04-22', 52.03, 52.58, 51.77, 52.27);
INSERT INTO `stocksinfo` VALUES ('ORCL', '2020-04-23', 52.23, 52.99, 51.45, 51.97);
INSERT INTO `stocksinfo` VALUES ('ORCL', '2020-04-24', 52.41, 53.05, 51.96, 53.01);
INSERT INTO `stocksinfo` VALUES ('ORCL', '2020-04-27', 53.36, 53.64, 53.06, 53.37);
INSERT INTO `stocksinfo` VALUES ('ORCL', '2020-04-28', 53.90, 54.15, 53.13, 53.20);
INSERT INTO `stocksinfo` VALUES ('ORCL', '2020-04-29', 53.95, 54.28, 53.69, 53.88);
INSERT INTO `stocksinfo` VALUES ('ORCL', '2020-04-30', 53.47, 53.60, 52.80, 52.97);
INSERT INTO `stocksinfo` VALUES ('ORCL', '2020-05-01', 52.38, 52.44, 51.31, 51.79);
INSERT INTO `stocksinfo` VALUES ('ORCL', '2020-05-04', 51.71, 51.79, 51.10, 51.75);
INSERT INTO `stocksinfo` VALUES ('ORCL', '2020-05-05', 52.22, 52.86, 51.99, 52.05);
INSERT INTO `stocksinfo` VALUES ('ORCL', '2020-05-06', 52.43, 52.50, 51.70, 51.86);
INSERT INTO `stocksinfo` VALUES ('ORCL', '2020-05-07', 52.40, 52.92, 52.27, 52.60);
INSERT INTO `stocksinfo` VALUES ('ORCL', '2020-05-08', 53.19, 53.78, 52.77, 53.57);
INSERT INTO `stocksinfo` VALUES ('ORCL', '2020-05-11', 53.13, 53.83, 53.06, 53.53);
INSERT INTO `stocksinfo` VALUES ('ORCL', '2020-05-12', 53.80, 53.83, 52.25, 52.27);
INSERT INTO `stocksinfo` VALUES ('ORCL', '2020-05-13', 52.43, 52.49, 51.28, 51.65);
INSERT INTO `stocksinfo` VALUES ('TCEHY', '2020-04-01', 48.01, 48.47, 46.98, 47.06);
INSERT INTO `stocksinfo` VALUES ('TCEHY', '2020-04-02', 48.19, 49.03, 48.00, 48.82);
INSERT INTO `stocksinfo` VALUES ('TCEHY', '2020-04-03', 48.62, 48.90, 47.55, 47.81);
INSERT INTO `stocksinfo` VALUES ('TCEHY', '2020-04-06', 49.48, 49.96, 49.03, 49.94);
INSERT INTO `stocksinfo` VALUES ('TCEHY', '2020-04-07', 50.62, 50.65, 49.18, 49.47);
INSERT INTO `stocksinfo` VALUES ('TCEHY', '2020-04-08', 49.59, 50.24, 49.40, 50.15);
INSERT INTO `stocksinfo` VALUES ('TCEHY', '2020-04-09', 50.40, 50.61, 49.37, 49.47);
INSERT INTO `stocksinfo` VALUES ('TCEHY', '2020-04-13', 49.86, 49.87, 49.00, 49.80);
INSERT INTO `stocksinfo` VALUES ('TCEHY', '2020-04-14', 50.88, 51.50, 50.82, 51.45);
INSERT INTO `stocksinfo` VALUES ('TCEHY', '2020-04-15', 50.50, 51.20, 50.27, 50.96);
INSERT INTO `stocksinfo` VALUES ('TCEHY', '2020-04-16', 52.50, 53.33, 52.50, 53.11);
INSERT INTO `stocksinfo` VALUES ('TCEHY', '2020-04-17', 53.00, 53.02, 52.23, 52.35);
INSERT INTO `stocksinfo` VALUES ('TCEHY', '2020-04-20', 52.55, 53.08, 52.20, 52.46);
INSERT INTO `stocksinfo` VALUES ('TCEHY', '2020-04-21', 51.25, 51.69, 51.01, 51.07);
INSERT INTO `stocksinfo` VALUES ('TCEHY', '2020-04-22', 52.90, 53.02, 52.69, 52.86);
INSERT INTO `stocksinfo` VALUES ('TCEHY', '2020-04-23', 53.09, 53.40, 52.45, 52.46);
INSERT INTO `stocksinfo` VALUES ('TCEHY', '2020-04-24', 52.66, 52.95, 52.45, 52.85);
INSERT INTO `stocksinfo` VALUES ('TCEHY', '2020-04-27', 53.32, 53.46, 53.06, 53.30);
INSERT INTO `stocksinfo` VALUES ('TCEHY', '2020-04-28', 54.01, 54.20, 53.30, 53.44);
INSERT INTO `stocksinfo` VALUES ('TCEHY', '2020-04-29', 54.08, 54.17, 53.75, 54.05);
INSERT INTO `stocksinfo` VALUES ('TCEHY', '2020-04-30', 53.74, 53.97, 52.35, 52.62);
INSERT INTO `stocksinfo` VALUES ('TCEHY', '2020-05-01', 51.49, 51.54, 50.91, 51.05);
INSERT INTO `stocksinfo` VALUES ('TCEHY', '2020-05-04', 51.10, 51.69, 50.90, 51.57);
INSERT INTO `stocksinfo` VALUES ('TCEHY', '2020-05-05', 52.20, 52.48, 52.11, 52.17);
INSERT INTO `stocksinfo` VALUES ('TCEHY', '2020-05-06', 52.75, 52.88, 52.45, 52.56);
INSERT INTO `stocksinfo` VALUES ('TCEHY', '2020-05-07', 52.50, 52.87, 52.38, 52.75);
INSERT INTO `stocksinfo` VALUES ('TCEHY', '2020-05-08', 54.01, 54.65, 53.76, 54.57);
INSERT INTO `stocksinfo` VALUES ('TCEHY', '2020-05-11', 55.50, 56.00, 55.40, 55.96);
INSERT INTO `stocksinfo` VALUES ('TCEHY', '2020-05-12', 56.30, 56.50, 55.27, 55.35);
INSERT INTO `stocksinfo` VALUES ('TCEHY', '2020-05-13', 57.84, 58.66, 57.16, 57.83);
INSERT INTO `stocksinfo` VALUES ('TWTR', '2020-04-01', 23.70, 24.39, 23.05, 23.32);
INSERT INTO `stocksinfo` VALUES ('TWTR', '2020-04-02', 23.00, 23.58, 22.36, 23.02);
INSERT INTO `stocksinfo` VALUES ('TWTR', '2020-04-03', 24.10, 24.32, 22.75, 23.09);
INSERT INTO `stocksinfo` VALUES ('TWTR', '2020-04-06', 24.10, 25.05, 23.79, 24.93);
INSERT INTO `stocksinfo` VALUES ('TWTR', '2020-04-07', 25.97, 26.86, 25.31, 25.61);
INSERT INTO `stocksinfo` VALUES ('TWTR', '2020-04-08', 26.79, 28.46, 25.92, 27.86);
INSERT INTO `stocksinfo` VALUES ('TWTR', '2020-04-09', 28.48, 29.05, 27.28, 27.77);
INSERT INTO `stocksinfo` VALUES ('TWTR', '2020-04-13', 27.55, 27.62, 26.24, 27.21);
INSERT INTO `stocksinfo` VALUES ('TWTR', '2020-04-14', 28.00, 28.41, 27.60, 27.94);
INSERT INTO `stocksinfo` VALUES ('TWTR', '2020-04-15', 27.10, 27.64, 26.75, 27.51);
INSERT INTO `stocksinfo` VALUES ('TWTR', '2020-04-16', 26.86, 27.17, 25.96, 26.55);
INSERT INTO `stocksinfo` VALUES ('TWTR', '2020-04-17', 27.16, 27.92, 26.47, 26.70);
INSERT INTO `stocksinfo` VALUES ('TWTR', '2020-04-20', 26.31, 27.53, 26.11, 27.01);
INSERT INTO `stocksinfo` VALUES ('TWTR', '2020-04-21', 26.39, 26.72, 25.06, 25.75);
INSERT INTO `stocksinfo` VALUES ('TWTR', '2020-04-22', 27.00, 28.50, 26.45, 28.44);
INSERT INTO `stocksinfo` VALUES ('TWTR', '2020-04-23', 28.43, 28.84, 27.73, 27.86);
INSERT INTO `stocksinfo` VALUES ('TWTR', '2020-04-24', 27.99, 28.84, 27.46, 28.74);
INSERT INTO `stocksinfo` VALUES ('TWTR', '2020-04-27', 29.13, 30.39, 29.13, 30.00);
INSERT INTO `stocksinfo` VALUES ('TWTR', '2020-04-28', 30.40, 30.45, 28.57, 28.79);
INSERT INTO `stocksinfo` VALUES ('TWTR', '2020-04-29', 30.06, 31.50, 29.62, 31.09);
INSERT INTO `stocksinfo` VALUES ('TWTR', '2020-04-30', 28.79, 30.57, 28.09, 28.68);
INSERT INTO `stocksinfo` VALUES ('TWTR', '2020-05-01', 28.00, 28.45, 27.19, 27.84);
INSERT INTO `stocksinfo` VALUES ('TWTR', '2020-05-04', 27.60, 28.42, 27.39, 28.23);
INSERT INTO `stocksinfo` VALUES ('TWTR', '2020-05-05', 28.67, 28.73, 27.90, 28.07);
INSERT INTO `stocksinfo` VALUES ('TWTR', '2020-05-06', 28.35, 28.42, 27.55, 27.68);
INSERT INTO `stocksinfo` VALUES ('TWTR', '2020-05-07', 28.08, 28.78, 27.94, 28.77);
INSERT INTO `stocksinfo` VALUES ('TWTR', '2020-05-08', 29.09, 29.97, 28.74, 29.93);
INSERT INTO `stocksinfo` VALUES ('TWTR', '2020-05-11', 29.65, 30.08, 29.33, 29.69);
INSERT INTO `stocksinfo` VALUES ('TWTR', '2020-05-12', 29.85, 29.93, 29.09, 29.15);
INSERT INTO `stocksinfo` VALUES ('TWTR', '2020-05-13', 29.24, 29.68, 27.58, 28.13);
INSERT INTO `stocksinfo` VALUES ('WMT', '2020-04-01', 112.15, 115.53, 111.80, 114.14);
INSERT INTO `stocksinfo` VALUES ('WMT', '2020-04-02', 113.18, 119.11, 112.34, 118.65);
INSERT INTO `stocksinfo` VALUES ('WMT', '2020-04-03', 117.21, 119.91, 117.03, 119.48);
INSERT INTO `stocksinfo` VALUES ('WMT', '2020-04-06', 119.06, 126.39, 118.94, 126.07);
INSERT INTO `stocksinfo` VALUES ('WMT', '2020-04-07', 123.98, 126.49, 121.64, 121.99);
INSERT INTO `stocksinfo` VALUES ('WMT', '2020-04-08', 123.69, 123.81, 120.59, 121.84);
INSERT INTO `stocksinfo` VALUES ('WMT', '2020-04-09', 118.22, 122.87, 117.66, 121.80);
INSERT INTO `stocksinfo` VALUES ('WMT', '2020-04-13', 121.27, 125.67, 121.17, 125.30);
INSERT INTO `stocksinfo` VALUES ('WMT', '2020-04-14', 127.10, 129.79, 126.04, 129.00);
INSERT INTO `stocksinfo` VALUES ('WMT', '2020-04-15', 129.00, 129.88, 127.12, 128.76);
INSERT INTO `stocksinfo` VALUES ('WMT', '2020-04-16', 129.00, 132.92, 128.25, 132.33);
INSERT INTO `stocksinfo` VALUES ('WMT', '2020-04-17', 131.48, 132.97, 129.73, 132.12);
INSERT INTO `stocksinfo` VALUES ('WMT', '2020-04-20', 132.39, 133.38, 129.76, 129.85);
INSERT INTO `stocksinfo` VALUES ('WMT', '2020-04-21', 130.07, 131.03, 128.16, 129.21);
INSERT INTO `stocksinfo` VALUES ('WMT', '2020-04-22', 130.00, 132.38, 128.90, 131.59);
INSERT INTO `stocksinfo` VALUES ('WMT', '2020-04-23', 129.85, 131.09, 127.73, 128.53);
INSERT INTO `stocksinfo` VALUES ('WMT', '2020-04-24', 129.35, 129.89, 128.56, 129.44);
INSERT INTO `stocksinfo` VALUES ('WMT', '2020-04-27', 130.00, 130.31, 128.17, 128.30);
INSERT INTO `stocksinfo` VALUES ('WMT', '2020-04-28', 128.28, 130.24, 127.70, 128.00);
INSERT INTO `stocksinfo` VALUES ('WMT', '2020-04-29', 125.57, 125.76, 122.55, 123.60);
INSERT INTO `stocksinfo` VALUES ('WMT', '2020-04-30', 123.08, 123.44, 121.04, 121.55);
INSERT INTO `stocksinfo` VALUES ('WMT', '2020-05-01', 121.48, 123.69, 120.78, 122.92);
INSERT INTO `stocksinfo` VALUES ('WMT', '2020-05-04', 123.84, 124.40, 121.71, 123.70);
INSERT INTO `stocksinfo` VALUES ('WMT', '2020-05-05', 123.80, 125.26, 123.26, 124.73);
INSERT INTO `stocksinfo` VALUES ('WMT', '2020-05-06', 125.21, 125.49, 122.85, 123.30);
INSERT INTO `stocksinfo` VALUES ('WMT', '2020-05-07', 123.46, 123.98, 121.50, 121.89);
INSERT INTO `stocksinfo` VALUES ('WMT', '2020-05-08', 122.75, 123.01, 121.62, 122.94);
INSERT INTO `stocksinfo` VALUES ('WMT', '2020-05-11', 123.04, 124.31, 123.01, 123.67);
INSERT INTO `stocksinfo` VALUES ('WMT', '2020-05-12', 124.48, 125.66, 123.78, 123.78);
INSERT INTO `stocksinfo` VALUES ('WMT', '2020-05-13', 123.50, 126.24, 123.09, 123.71);
INSERT INTO `stocksinfo` VALUES ('YAMCY', '2020-04-01', 38.85, 38.94, 37.20, 37.20);
INSERT INTO `stocksinfo` VALUES ('YAMCY', '2020-04-02', 36.63, 37.14, 36.12, 37.08);
INSERT INTO `stocksinfo` VALUES ('YAMCY', '2020-04-03', 36.67, 36.67, 35.59, 35.59);
INSERT INTO `stocksinfo` VALUES ('YAMCY', '2020-04-06', 36.01, 38.12, 36.01, 37.35);
INSERT INTO `stocksinfo` VALUES ('YAMCY', '2020-04-07', 41.16, 41.16, 39.97, 40.52);
INSERT INTO `stocksinfo` VALUES ('YAMCY', '2020-04-08', 41.15, 41.15, 39.75, 40.83);
INSERT INTO `stocksinfo` VALUES ('YAMCY', '2020-04-09', 41.56, 41.56, 40.13, 40.80);
INSERT INTO `stocksinfo` VALUES ('YAMCY', '2020-04-13', 39.55, 39.55, 38.17, 38.56);
INSERT INTO `stocksinfo` VALUES ('YAMCY', '2020-04-14', 38.60, 41.56, 38.60, 41.08);
INSERT INTO `stocksinfo` VALUES ('YAMCY', '2020-04-15', 38.93, 40.70, 38.93, 39.95);
INSERT INTO `stocksinfo` VALUES ('YAMCY', '2020-04-16', 39.53, 39.58, 38.71, 38.83);
INSERT INTO `stocksinfo` VALUES ('YAMCY', '2020-04-17', 39.69, 41.09, 39.60, 40.63);
INSERT INTO `stocksinfo` VALUES ('YAMCY', '2020-04-20', 40.30, 40.30, 38.99, 39.88);
INSERT INTO `stocksinfo` VALUES ('YAMCY', '2020-04-21', 37.99, 37.99, 36.65, 37.32);
INSERT INTO `stocksinfo` VALUES ('YAMCY', '2020-04-22', 38.00, 38.00, 36.53, 37.48);
INSERT INTO `stocksinfo` VALUES ('YAMCY', '2020-04-23', 39.01, 39.77, 39.00, 39.03);
INSERT INTO `stocksinfo` VALUES ('YAMCY', '2020-04-24', 38.55, 38.75, 37.90, 38.37);
INSERT INTO `stocksinfo` VALUES ('YAMCY', '2020-04-27', 39.20, 39.74, 39.16, 39.30);
INSERT INTO `stocksinfo` VALUES ('YAMCY', '2020-04-28', 39.53, 39.58, 39.24, 39.24);
INSERT INTO `stocksinfo` VALUES ('YAMCY', '2020-04-29', 39.74, 40.77, 39.17, 40.34);
INSERT INTO `stocksinfo` VALUES ('YAMCY', '2020-04-30', 41.12, 41.81, 40.08, 40.44);
INSERT INTO `stocksinfo` VALUES ('YAMCY', '2020-05-01', 38.70, 38.95, 38.12, 38.17);
INSERT INTO `stocksinfo` VALUES ('YAMCY', '2020-05-04', 40.11, 40.12, 37.94, 38.10);
INSERT INTO `stocksinfo` VALUES ('YAMCY', '2020-05-05', 38.57, 39.46, 38.56, 39.45);
INSERT INTO `stocksinfo` VALUES ('YAMCY', '2020-05-06', 38.89, 39.25, 38.37, 38.41);
INSERT INTO `stocksinfo` VALUES ('YAMCY', '2020-05-07', 38.30, 39.39, 38.30, 39.03);
INSERT INTO `stocksinfo` VALUES ('YAMCY', '2020-05-08', 41.49, 41.49, 40.91, 41.47);
INSERT INTO `stocksinfo` VALUES ('YAMCY', '2020-05-11', 42.18, 42.34, 41.43, 42.11);
INSERT INTO `stocksinfo` VALUES ('YAMCY', '2020-05-12', 42.01, 42.73, 41.71, 42.23);
INSERT INTO `stocksinfo` VALUES ('YAMCY', '2020-05-13', 42.46, 43.14, 41.91, 41.96);

-- ----------------------------
-- Table structure for users
-- ----------------------------
DROP TABLE IF EXISTS `users`;
CREATE TABLE `users`  (
  `account` varchar(255) CHARACTER SET utf8 COLLATE utf8_general_ci NOT NULL COMMENT '用户名/账号',
  `password` varchar(255) CHARACTER SET utf8 COLLATE utf8_general_ci NOT NULL COMMENT '密码',
  `name` varchar(255) CHARACTER SET utf8 COLLATE utf8_general_ci NOT NULL COMMENT '姓名/昵称',
  `phone` char(11) CHARACTER SET utf8 COLLATE utf8_general_ci NOT NULL COMMENT '手机号',
  `isvip` enum('是','否') CHARACTER SET utf8 COLLATE utf8_general_ci NOT NULL DEFAULT '否' COMMENT '是否为管理员',
  PRIMARY KEY (`account`) USING BTREE
) ENGINE = InnoDB CHARACTER SET = utf8 COLLATE = utf8_general_ci ROW_FORMAT = Compact;

-- ----------------------------
-- Records of users
-- ----------------------------
INSERT INTO `users` VALUES ('F0001', 'FQ0001', '苍穹', '12345678901', '否');
INSERT INTO `users` VALUES ('F0002', 'FQ0002', '赤羽', '12345678902', '是');
INSERT INTO `users` VALUES ('F0003', 'FQ0003', '星尘', '12345678903', '否');
INSERT INTO `users` VALUES ('F0004', 'FQ0004', '海伊', '12345678904', '否');
INSERT INTO `users` VALUES ('F0005', 'FQ0005', '诗岸', '12345678905', '否');

-- ----------------------------
-- Table structure for userstocks
-- ----------------------------
DROP TABLE IF EXISTS `userstocks`;
CREATE TABLE `userstocks`  (
  `account` varchar(255) CHARACTER SET utf8 COLLATE utf8_general_ci NOT NULL COMMENT '用户名/账号',
  `stockcode` varchar(255) CHARACTER SET utf8 COLLATE utf8_general_ci NOT NULL COMMENT '股票代码',
  INDEX `link1`(`account`) USING BTREE,
  INDEX `link2`(`stockcode`) USING BTREE,
  CONSTRAINT `link1` FOREIGN KEY (`account`) REFERENCES `users` (`account`) ON DELETE CASCADE ON UPDATE CASCADE,
  CONSTRAINT `link2` FOREIGN KEY (`stockcode`) REFERENCES `stocks` (`stockcode`) ON DELETE CASCADE ON UPDATE CASCADE
) ENGINE = InnoDB CHARACTER SET = utf8 COLLATE = utf8_general_ci ROW_FORMAT = Compact;

-- ----------------------------
-- Records of userstocks
-- ----------------------------
INSERT INTO `userstocks` VALUES ('F0001', 'BILI');
INSERT INTO `userstocks` VALUES ('F0001', 'BABA');
INSERT INTO `userstocks` VALUES ('F0001', 'NTES');
INSERT INTO `userstocks` VALUES ('F0001', 'AAPL');
INSERT INTO `userstocks` VALUES ('F0001', 'ORCL');
INSERT INTO `userstocks` VALUES ('F0004', 'TCEHY');
INSERT INTO `userstocks` VALUES ('F0004', 'YAMCY');
INSERT INTO `userstocks` VALUES ('F0004', 'NTES');
INSERT INTO `userstocks` VALUES ('F0001', 'YAMCY');
INSERT INTO `userstocks` VALUES ('F0002', 'NSRGY');
INSERT INTO `userstocks` VALUES ('F0002', 'NTES');
INSERT INTO `userstocks` VALUES ('F0002', 'YAMCY');
INSERT INTO `userstocks` VALUES ('F0002', 'ORCL');
INSERT INTO `userstocks` VALUES ('F0002', 'TCEHY');
INSERT INTO `userstocks` VALUES ('F0002', '1810.HK');
INSERT INTO `userstocks` VALUES ('F0002', '0992.HK');
INSERT INTO `userstocks` VALUES ('F0002', 'BABA');
INSERT INTO `userstocks` VALUES ('F0002', 'ADBE');
INSERT INTO `userstocks` VALUES ('F0002', 'AAPL');
INSERT INTO `userstocks` VALUES ('F0001', 'TCEHY');
INSERT INTO `userstocks` VALUES ('F0001', 'TWTR');
INSERT INTO `userstocks` VALUES ('F0001', 'WMT');
INSERT INTO `userstocks` VALUES ('F0001', 'NSRGY');
INSERT INTO `userstocks` VALUES ('F0001', 'MSFT');
INSERT INTO `userstocks` VALUES ('F0004', 'ADBE');
INSERT INTO `userstocks` VALUES ('F0004', '1810.HK');
INSERT INTO `userstocks` VALUES ('F0004', '0992.HK');
INSERT INTO `userstocks` VALUES ('F0004', 'BILI');
INSERT INTO `userstocks` VALUES ('F0004', 'GOOGL');
INSERT INTO `userstocks` VALUES ('F0004', 'MSFT');
INSERT INTO `userstocks` VALUES ('F0004', 'NSRGY');
INSERT INTO `userstocks` VALUES ('F0004', 'TWTR');

SET FOREIGN_KEY_CHECKS = 1;
